Label,# Samples,Average,Median,90% Line,95% Line,99% Line,Min,Max,Error %,Throughput,Received KB/sec,Sent KB/sec
Reserve Spot,1350,133497,147563,235822,235892,265841,12,266402,95.778%,4.98952,1.38,2.09
TOTAL,1350,133497,147563,235822,235892,265841,12,266402,95.778%,4.98952,1.38,2.09
