Label,# Samples,Average,Median,90% Line,95% Line,99% Line,Min,Max,Error %,Throughput,Received KB/sec,Sent KB/sec
Sign-up Test,100,994,992,1381,1402,1456,482,1458,0.000%,68.30601,29.65,21.86
TOTAL,100,994,992,1381,1402,1456,482,1458,0.000%,68.30601,29.65,21.86
