Label,# Samples,Average,Median,90% Line,95% Line,99% Line,Min,Max,Error %,Throughput,Received KB/sec,Sent KB/sec
Reserve Spot,1300,129591,118839,210466,236226,238353,30143,239651,96.231%,5.35716,1.99,2.25
TOTAL,1300,129591,118839,210466,236226,238353,30143,239651,96.231%,5.35716,1.99,2.25
